file,api,revision,sha256
admin-datatransfer_v1.json,admin:datatransfer_v1,20260823,1424a7b84ee417fe833b04254e74b052b463c93ffc438894ddc3c1fe97ff4f04
admin-directory_v1.json,admin:directory_v1,20260823,62de7f0c97e3be1295928bb566384ba7a60341a6d94ed880c053e5b61b51b5ff
admin-reports_v1.json,admin:reports_v1,20260823,3500febf94db1f5d5212e1912eb812b4c08db3171eff6422515817afeb10c1c7
alertcenter-v1beta1.json,alertcenter:v1beta1,20260831,139b53e197ab0404ff0acaed0d4bb2b69ad6795f52781727e8460c9e17a4ff13
calendar-v3.json,calendar:v3,20260826,e1ccc2b94a3178b6e00cf1a7051fb9e352647b6000b8509f11881ef1bc8e33ac
chromemanagement-v1.json,chromemanagement:v1,20260831,dc49249034d09210db63dabf71aa3104fb289351b9eaf7d903547c75e972efe1
chromepolicy-v1.json,chromepolicy:v1,20260826,1b60ece8f84479e222eff8e9502842b0931b49ee5022a2634cb37bcd9c36d81e
cloudidentity-v1.json,cloudidentity:v1,20260826,b1dcbe64142bed2a1b43a7768c13cba045e5ae7c681d5bfc8a5de356b13d492c
cloudsearch-v1.json,cloudsearch:v1,20260819,89e6651feab8c986d4f267a2339dc1b6adabb52d3b8ac5cedb56d5b9d50204ac
docs-v1.json,docs:v1,20260826,592d5aa0093eb06f5592603fb7faaffe30e3a6f76f808a4437670b75312e9b16
drive-v3.json,drive:v3,20260824,6805ecec222ea61b60c4a07fe3e39fc676dda5c5a8b22125ccbcbec4fecea8a7
driveactivity-v2.json,driveactivity:v2,20260825,2e7fb6341f1e25cac68dabc901960e42de00817fc3ffc9afa20239b464e4f535
forms-v1.json,forms:v1,20260826,2c532bd76e75bcff37845abc5d08aed80a476dce1ac643c48697b424aeebabc2
gmail-v1.json,gmail:v1,20260824,9ddfbe83c32a3fcac5fd77a664214a83eebf15779d551af5f9fd3434cd640ccc
gmailpostmastertools-v2.json,gmailpostmastertools:v2,20260831,842319beba8c017d5761fd4e478e53511642f96a3d3700bf3873de4c8c424bf9
groupssettings-v1.json,groupssettings:v1,20220614,9ef2d75cf6bb83f068370c1cfeb8d72b4bf0eeea4f45aef4298d5215afddb2c8
keep-v1.json,keep:v1,20260826,1e13acde2285900ed2e96c262d45882ba974d851f51193a7582d3e6bb55d18b4
licensing-v1.json,licensing:v1,20260829,5bc01debc773a60ea63a55bf51636da69672e8c237f2f96e28ba7b31298f4543
meet-v2.json,meet:v2,20260830,37185293f12889c34f84a086feafddc9483a5946ada3872777c5cdb5d9d13893
people-v1.json,people:v1,20260831,8a3d888d38f72c54a8503568a393e04d2c8f90e6b63cc7d5df397a8255be3dd3
script-v1.json,script:v1,20260823,75d1f14ab099f0f365b0d0224d8122c80a6455003b7448c3609ae2d84130f200
sheets-v4.json,sheets:v4,20260826,0303a1e3d2d6a1c00e32072828722e3f26d3d456f1fa47a1eb96ed58ef10c830
slides-v1.json,slides:v1,20260828,fbeda24ad628407bf465ed6d5f60dcea2500cf231897c7900fb5805e3dd14002
tasks-v1.json,tasks:v1,20260830,67ed01d1937767be996b49d0366bc6871ad7c02a5c62c607f33840fbcdeee033
vault-v1.json,vault:v1,20260827,91a1a87786cdd799b238eabeb0a7f0e131328f21978939589bb0165395653cb2
workspaceevents-v1.json,workspaceevents:v1,20260823,f4c1fde38a43e70b2611aa4e11336f2953266d944f7abd807312a7e12c91878e
